[["0",{"pageContent":"﻿¿Que es el articulo 34?\r\nRespuesta: El alumno que haya sido dado de baja conforme al artículo 33 de este ordenamiento podrá solicitar por escrito a la Comisión de Educación del Consejo de Centro o de Escuela, antes del inicio del ciclo inmediato siguiente en que haya sido dado de baja, una nueva oportunidad para acreditar la materia o materias que adeude.\r\n","metadata":{"loc":{"lines":{"from":1,"to":3}}}}],["1",{"pageContent":"}\r\n¿Que es el servicio social?\r\nRespuesta: Es el servicio obligatorio que haces tu como estudiante de la UDG como manera de devolverle el favor y aportar a la sociedad con trabajo sin paga.\r\n","metadata":{"loc":{"lines":{"from":3,"to":6}}}}],["2",{"pageContent":"}\r\n¿Que son las prácticas?\r\nRespuesta: Son practicas con el objetivo de desarrollar habilidades y destrezas que atiendan al perfeccionamiento de su formación profesional; Fomentar la participación de los alumnos en la solución de problemas de la actividad. En resumen es pa que te pongas a chambear.\r\n","metadata":{"loc":{"lines":{"from":6,"to":9}}}}],["3",{"pageContent":"}\r\n¿Como hago mis practicas?\r\nRespuesta: Debes encontrar una empresa de tecnologia o afil a la carrera, intentar entrar como becario y cumplir los lineamientos y horas exigidas por el programa de practicas profesionales. Pregúntale al coordi.\r\n","metadata":{"loc":{"lines":{"from":9,"to":12}}}}],["4",{"pageContent":"}\r\n¿Que nivel de ingles debo tener?\r\nRespuesta: Como estudiante de Ciencias Computacionales, requieres un nivel de ingles B2 o superior para titularte.\r\n","metadata":{"loc":{"lines":{"from":12,"to":15}}}}],["5",{"pageContent":"}\r\n¿Cuando puedo empezar a hacer el servicio social?\r\nRespuesta: Cuando cumplas con el 60% de los creditos\r\n","metadata":{"loc":{"lines":{"from":15,"to":18}}}}],["6",{"pageContent":"}\r\n¿Cuantas horas debo realizar del servicio social?\r\nRespuesta: 480 horas\r\n","metadata":{"loc":{"lines":{"from":18,"to":21}}}}],["7",{"pageContent":"}\r\n¿Que es una optativa?\r\nRespuesta: es una materia de otra carrera que puedes tomar\r\n","metadata":{"loc":{"lines":{"from":21,"to":24}}}}],["8",{"pageContent":"}\r\n¿Cuando puedo realizar mis prácticas profesionales?\r\nRespuesta: cuando tengas el 60% de los creditos\r\n","metadata":{"loc":{"lines":{"from":24,"to":27}}}}],["9",{"pageContent":"}\r\n¿Que es el CENEVAL?\r\nRespuesta: Es un instrumento diseñado para evaluar integralmente conocimientos y habilidades tanto disciplinares como transversales indispensables al egreso de una carrera.\r\n","metadata":{"loc":{"lines":{"from":27,"to":30}}}}],["10",{"pageContent":"}\r\n¿El ingles es necesario para titularme?\r\nRespuesta: Si\r\n","metadata":{"loc":{"lines":{"from":30,"to":33}}}}],["11",{"pageContent":"}\r\n¿Cuando puedo empezar a hacer el servicio social?\r\nRespuesta: A partir del 60% de créditos\r\n","metadata":{"loc":{"lines":{"from":33,"to":36}}}}],["12",{"pageContent":"}\r\n¿Cuántas horas debo realizar las prácticas profesionales?\r\nRespuesta: 480 horas\r\n","metadata":{"loc":{"lines":{"from":36,"to":39}}}}],["13",{"pageContent":"}\r\n¿Qué es el artículo 33?\r\nRespuesta: El alumno que por cualquier circunstancia no logre una calificación aprobatoria en el periodo extraordinario, deberá repetir la materia en el ciclo escolar inmediato siguiente en que se ofrezca, teniendo la oportunidad de acreditarla durante el proceso de evaluación ordinario o en el periodo extraordinario, excepto para alumnos de posgrado.\r\nEn caso de que el alumno no logre acreditar la materia en los términos de este artículo, será dado de baja.\r\n","metadata":{"loc":{"lines":{"from":39,"to":43}}}}],["14",{"pageContent":"}\r\n¿Que es una especializante?\r\nRespuesta: la especializante consiste en tomar 5 materias de una rama de la carrera con las cuales podras graduarte. Deben ser 5 de la misma especializante y no combinadas.\r\n","metadata":{"loc":{"lines":{"from":43,"to":46}}}}],["15",{"pageContent":"}\r\n¿Cuantas materias optativas debo tomar?\r\nRespuesta: Si eres de Ciencias Computacionales, segun la malla curricular debes tomar 3.\r\n","metadata":{"loc":{"lines":{"from":46,"to":49}}}}],["16",{"pageContent":"}\r\n¿Cuantas materias especializantes debo tomar?\r\nRespuesta: Debes cursar por lo menos 5 materias especializantes de una sola rama.\r\n","metadata":{"loc":{"lines":{"from":49,"to":52}}}}],["17",{"pageContent":"}\r\n¿Que optativas puedo tomar?\r\nRespuesta: casi cualquier materia de otra carrera o materias de otra especializante de tu carrera.\r\n","metadata":{"loc":{"lines":{"from":52,"to":55}}}}],["18",{"pageContent":"}\r\n¿Cuantas horas son de formacion integral?\r\nRespuesta: Debes cumplir con por lo menos 48 horas de formacion integral.\r\n","metadata":{"loc":{"lines":{"from":55,"to":58}}}}],["19",{"pageContent":"}\r\n¿Donde puedo conseguir horas de formación integral?\r\nRespuesta: entrando a talleres o asistiendo y participando en eventos academicos que ofrezcan constancias que otorguen horas de formacion integral.\r\n","metadata":{"loc":{"lines":{"from":58,"to":61}}}}],["20",{"pageContent":"}\r\n¿Las practicas son obligatorias?\r\nRespuesta: Si lo son.\r\n","metadata":{"loc":{"lines":{"from":61,"to":64}}}}],["21",{"pageContent":"}\r\n¿Que dice el artículo 35?\r\nRespuesta: Los alumnos que sean dados de baja de la Universidad de Guadalajara conforme a los artículos 32, 33 y 34 de este ordenamiento, no se les autorizará su reingreso a la carrera o posgrado por el cual se les dio de baja. En el caso del bachillerato no se le autorizará su reingreso en ninguna de las modalidades educativas en que se ofrezca.\r\n","metadata":{"loc":{"lines":{"from":64,"to":67}}}}],["22",{"pageContent":"}\r\n¿Que dice el artículo 36?\r\nRespuesta: En caso de que una materia desaparezca por cambio de plan de estudios y el alumno no haya logrado una calificación aprobatoria en la evaluación en el periodo ordinario o extraordinario, el Director de la División o de Escuela solicitará a la Rectoría del Centro o a la Dirección General del Sistema de Educación Media Superior, se autorice la impartición de la materia por única ocasión. Lo anterior, deberá notificarse a las Coordinaciones de Control Escolar y demás instancias respectivas.\r\n","metadata":{"loc":{"lines":{"from":67,"to":70}}}}],["23",{"pageContent":"}\r\n¿Es obligatorio ir a JOBS?\r\nRespuesta: No eso dependera de cada alumno.\r\n","metadata":{"loc":{"lines":{"from":70,"to":73}}}}],["24",{"pageContent":"}\r\n¿Cuanto dura el programa JOBS?\r\nRespuesta: Eso dependera de cada alumno y su conocimiento en ingles pero si no sabes nada de ingles son 6 semestres.\r\n","metadata":{"loc":{"lines":{"from":73,"to":76}}}}],["25",{"pageContent":"}\r\n¿A partir de qué promedio puedo titularme por promedio?\r\nRespuesta: Necesitas un promedio final de 90.\r\n","metadata":{"loc":{"lines":{"from":76,"to":79}}}}],["26",{"pageContent":"}\r\n¿A partir de qué promedio puedo titularme por excelencia académica?\r\nRespuesta: Necesitas un promedio final de 95.\r\n","metadata":{"loc":{"lines":{"from":79,"to":82}}}}],["27",{"pageContent":"}\r\n¿Cuáles son las condiciones para titularme por promedio?\r\nRespuesta: Primero completar todos tus créditos así como cumplir con un promedio final de 90, segundo no debes tener ninguna materia pasada en extraordinario, tercero cumplir con el nivel de ingles requerido, cuarto haber terminado y comprobado tus horas de servicio social y quinto haber concluido y comprobado tus horas de practicas profesionales.\r\n","metadata":{"loc":{"lines":{"from":82,"to":85}}}}],["28",{"pageContent":"}\r\n¿Cuáles son las condiciones para titularme por excelencia académica?\r\nRespuesta: Primero completar todos tus créditos así como cumplir con un promedio final de 95, segundo debes tener maximo un extraordinario, tercero cumplir con el nivel de ingles requerido, cuarto haber terminado y comprobado tus horas de servicio social y quinto haber concluido y comprobado tus horas de practicas profesionales.\r\n","metadata":{"loc":{"lines":{"from":85,"to":88}}}}],["29",{"pageContent":"}\r\n¿Puedo iniciar el servicio social si tengo 58% de los créditos?\r\nRespuesta: Si es posible siempre y cuando vayas con tu coordinador de carrera para comentarle tu situación y si el lo permite puede hacer la petición para que se te habilite la selección de plazas y el siguiente semestre, aunque las fechas de los tramites del servicio siguen siendo tu responsabilidad.\r\n","metadata":{"loc":{"lines":{"from":88,"to":91}}}}],["30",{"pageContent":"}\r\n¿Qué establece el Artículo 1?\r\nEl presente ordenamiento tiene como objeto regular la evaluación del proceso enseñanza aprendizaje de los alumnos, de conformidad con los planes de estudio que se imparten en la Universidad de Guadalajara.\r\n","metadata":{"loc":{"lines":{"from":91,"to":94}}}}],["31",{"pageContent":"}\r\n¿Qué establece el Artículo 2?\r\nLa evaluación tiene por objeto: I.Que las autoridades universitarias, los académicos y alumnos dispongan de elementos para conocer la eficiencia y eficacia del proceso de enseñanza-aprendizaje; II.Que el alumno conozca el grado de aprovechamiento que ha tenido y, en su caso, obtener la promoción correspondiente; III.Contribuir a elevar la calidad del aprendizaje y aumentar el rendimiento de los alumnos, y IV.Que la Universidad, mediante los resultados de la evaluación, dé testimonio de la preparación académica de sus estudiantes.\r\n","metadata":{"loc":{"lines":{"from":94,"to":97}}}}],["32",{"pageContent":"}\r\n¿Qué establece el Artículo 3?\r\nEl avance escolar del alumno en el plan de estudios en que se encuentre inscrito, se realizará a través de las evaluaciones que se realicen de conformidad con este reglamento. La evaluación será continua e integral.\r\n","metadata":{"loc":{"lines":{"from":97,"to":100}}}}],["33",{"pageContent":"}\r\n¿Qué establece el Artículo 4?\r\nPara efecto del presente reglamento se entiende por evaluación el conjunto de actividades realizadas para obtener y analizar información en forma continua y sistemática del proceso enseñanza-aprendizaje que permitan verificar los logros obtenidos y determinarles un valor específico.\r\n","metadata":{"loc":{"lines":{"from":100,"to":103}}}}],["34",{"pageContent":"}\r\n¿Qué establece el Artículo 5?\r\nEl resultado final de las evaluaciones será expresado conforme a la escala de calificaciones centesimal de 0 a 100, en números enteros, considerando como mínima aprobatoria la calificación de 60. Las materias que no son sujetas a medición cuantitativa, se certificarán como acreditadas (A) o no acreditadas (NA).\r\n","metadata":{"loc":{"lines":{"from":103,"to":106}}}}],["35",{"pageContent":"}\r\n¿Qué establece el Artículo 6?\r\nPara obtener el promedio de calificaciones, sólo se tomarán en cuenta las materias aprobadas con calificación numérica.\r\n","metadata":{"loc":{"lines":{"from":106,"to":109}}}}],["36",{"pageContent":"}\r\n¿Qué establece el Artículo 7?\r\nLos programas de las unidades de aprendizaje deberán contener entre otros, los criterios para la evaluación, de conformidad con lo establecido en el artículo 21 del Reglamento General de Planes de Estudio de la Universidad de Guadalajara.\r\n","metadata":{"loc":{"lines":{"from":109,"to":112}}}}],["37",{"pageContent":"}\r\n¿Qué establece el Artículo 8?\r\nLas academias, previo al inicio del ciclo escolar, deberán poner a consideración del Colegio Departamental para su aprobación los criterios de evaluación que se utilizarán, con el objeto de permitir la variabilidad en los esquemas de evaluación de cada materia.\r\n","metadata":{"loc":{"lines":{"from":112,"to":115}}}}],["38",{"pageContent":"}\r\n¿¿Qué establece el Artículo 9?\r\nEl alumno debe conocer al inicio del curso cuáles son los criterios de evaluación de cada una de las materias que cursará.\r\n","metadata":{"loc":{"lines":{"from":115,"to":118}}}}],["39",{"pageContent":"}\r\n¿Qué establece el Artículo 10?\r\nLos criterios de evaluación definirán, entre otros puntos, los siguientes: I.Los aspectos a evaluar y los porcentajes que cada uno tendrá en la calificación; II.La utilización de diversos medios de evaluación para una materia dependiendo de la naturaleza de la misma y los objetivos de ésta, y III.Los momentos para la evaluación durante el desarrollo de la materia.\r\n","metadata":{"loc":{"lines":{"from":118,"to":121}}}}],["40",{"pageContent":"}\r\n¿Qué establece el Artículo 11?\r\nLa evaluación será continua y en ella se tomarán en consideración, los siguientes aspectos: los conocimientos, las capacidades, habilidades, destrezas, aptitudes y las actitudes adquiridos durante el desarrollo de la materia.\r\n","metadata":{"loc":{"lines":{"from":121,"to":124}}}}],["41",{"pageContent":"}\r\n¿Qué establece el Artículo 12?\r\nLos medios de evaluación pueden ser: I.Instrumentos de evaluación previamente diseñados de conformidad con la temática de la materia que se aplican a los alumnos para valorar los conocimientos adquiridos; II. Aquellos que permitan identificar los conocimientos adquiridos durante el desarrollo de la materia que son demostrables mediante ciertas destrezas o habilidades, o bien, mediante la elaboración de trabajos prácticos, y III.Aquellos que permitan identificar otros aspectos relacionados con el proceso educativo, tales como aptitudes y actitudes.\r\n","metadata":{"loc":{"lines":{"from":124,"to":127}}}}],["42",{"pageContent":"}\r\n¿Qué establece el Artículo 13?\r\nLas modalidades de evaluación pueden ser, las siguientes: I.De la evaluación particular de los alumnos: La evaluación, se orienta al alumno en particular, es un medio para conocer el nivel formativo del alumno, el grado de asimilación respecto a su estudio y las dificultades que encuentra en el proceso de apropiación de nuevos conocimientos. Según el momento que se realiza la evaluación puede ser: a)Inicial.- Tiene como objeto identificar intereses, aptitudes, actitudes, nivel de conocimiento, referencias previas al objeto de estudio, nivel de motivación, conocer las características personales del alumnado y su grado de madurez para acercarse a nuevos conocimientos, con el fin de lograr un ajuste inicial en el grupo y establecer criterios de planificación del curso. b)De proceso.- Se orienta a reconocer las dificultades específicas encontradas por los alumnos en su aprendizaje y a estimar el ritmo de avance del grupo en general, es parte indispensable del proceso educativo; permite reajustar continuamente las actividades, estrategias, ayudas y objetivos que se emplean. c)Final.- Pretende conocer y comprobar el logro de los objetivos alcanzados durante el proceso educativo; se basa en una constatación de los niveles de aprendizaje conseguidos por el alumno.II. En el proceso educativo en general: a)Evaluación Diagnóstica.- Tiene como objeto observar hasta qué punto se han cumplido los objetivos planeados, identificar los obstáculos y potencialidades que el proceso educativo presentó y las contradicciones vividas entre lo planeado y los resultados obtenidos.b)Evaluación de Orientación o Reorientación.- Está diseñada como mecanismo retroalimentador para modificar, si es el caso, la estructura y funcionamiento del proceso educativo, o bien, para introducir nuevos enfoques en el abordaje de los objetos de estudio. Permite reajustar continuamente las actividades, estrategias, ayudas y objetivos que se emplean para el desarrollo de la materia. c)Evaluación Predictiva.- Tiene como finalidad reconocer las potencialidades de los alumnos como base para su orientación personal, escolar y profesional. Este tipo de evaluación se emplea en las tutorías y generalmente va ligada a la identificación de elementos vocacionales. d)Evaluación de Control.- Tiene como objeto reconocer niveles de rendimiento y de eficiencia de un proceso educativo y puede ser aplicada al proceso mismo, al sistema de organización curricular, al docente, a grupos de docentes, al alumno o grupos de alumnos.\r\n","metadata":{"loc":{"lines":{"from":127,"to":130}}}}],["43",{"pageContent":"}\r\n¿Qué establece el Artículo 14?\r\nUno de los medios de evaluación son los exámenes, que permiten conocer el grado de dominio que el alumno ha obtenido sobre la materia.\r\n","metadata":{"loc":{"lines":{"from":130,"to":133}}}}],["44",{"pageContent":"}\r\n¿Qué establece el Artículo 15?\r\nDurante el desarrollo de la materia y a su término, se podrán aplicar como instrumentos de evaluación, por determinación de la Academia, los siguientes tipos de exámenes: I.Los exámenes parciales, se aplican para verificar en determinados periodos del desarrollo de la materia el avance de los aprendizajes obtenidos por los alumnos, de acuerdo a los objetivos señalados en el programa de estudio, y II.El examen global considera en su totalidad el contenido de la materia y con él se comprueba el aprendizaje logrado por los alumnos durante todo el proceso educativo. En ningún caso el resultado obtenido en este tipo de exámenes podrá ser considerado individualmente como el 100% de la calificación final del curso, excepto el examen regulado por el capítulo VIII de este reglamento.\r\n","metadata":{"loc":{"lines":{"from":133,"to":136}}}}],["45",{"pageContent":"}\r\n¿Qué establece el Artículo 16?\r\nLos exámenes parciales y globales, a juicio de la Academia, podrán ser diseñados, aplicados y calificados por: I. El profesor de la materia, bajo la supervisión de la Academia, y II.La Academia, cuando se trate de exámenes departamentales.\r\n","metadata":{"loc":{"lines":{"from":136,"to":139}}}}],["46",{"pageContent":"}\r\n¿Qué establece el Artículo 17?\r\nLos exámenes departamentales tienen como objetivos: I.Conocer el grado de dominio que el alumno ha obtenido sobre la materia; II.Verificar el grado de avance del programa de la materia, de conformidad con lo establecido en el artículo 21 del Reglamento General de Planes de Estudio de la Universidad de Guadalajara; III.Aplicarse como parte de la evaluación institucional, y IV.Conocer el grado de homogeneidad en los aprendizajes logrados por los alumnos de la misma materia, que recibieron el curso con distintos profesores.\r\n","metadata":{"loc":{"lines":{"from":139,"to":142}}}}],["47",{"pageContent":"}\r\n¿Qué establece el Artículo 18?\r\nLos exámenes departamentales serán aplicados de preferencia en forma simultánea a todos los alumnos que cursen la materia y calificados por los académicos designados por el Jefe de Departamento respectivo. Durante cada ciclo escolar deberá haber al menos un examen departamental por asignatura.Los resultados de estos exámenes serán concentrados por el Presidente de la Academia correspondiente, quien deberá notificarlos al profesor de la materia y al Jefe del Departamento.\r\n","metadata":{"loc":{"lines":{"from":142,"to":145}}}}],["48",{"pageContent":"}\r\n¿Qué establece el Artículo 19?\r\nUna vez concluido el curso, el profesor de la materia deberá valorar todos los medios de evaluación que hayan sido aplicados y de acuerdo con los porcentajes aprobados por la Academia, asentará el resultado final en las actas correspondientes.\r\n","metadata":{"loc":{"lines":{"from":145,"to":148}}}}],["49",{"pageContent":"}\r\n¿Qué establece el Artículo 20?\r\nPara que el alumno tenga derecho al registro del resultado final de la evaluación en el periodo ordinario, establecido en el calendario escolar aprobado por el H. Consejo General Universitario, se requiere: I.Estar inscrito en el plan de estudios y curso correspondiente, y II.Tener un mínimo de asistencia del 80% a clases y actividades registradas durante el curso. La fracción II no será aplicable para los estudios de posgrado ni para los planes de estudio que se impartan en las modalidades no convencionales (abierto, a distancia y semiescolarizado), los cuales deberán cubrir los requisitos que establezca el dictamen correspondiente.\r\n","metadata":{"loc":{"lines":{"from":148,"to":151}}}}],["50",{"pageContent":"}\r\n¿Qué establece el Artículo 21?\r\nLos registros de evaluación continua en que se asienten los resultados de los medios que hayan sido aplicados durante el desarrollo del curso, serán remitidos por el profesor de la materia al Jefe del Departamento en los Centros Universitarios y en las Escuelas del Sistema de Educación Media Superior al Coordinador Académico, a más tardar 3 días hábiles posteriores a la fecha establecida como fin del periodo de clases en el calendario escolar, aprobado por el H. Consejo General Universitario.\r\n","metadata":{"loc":{"lines":{"from":151,"to":154}}}}],["51",{"pageContent":"}\r\n¿Qué establece el Artículo 22?\r\nEn los Centros Universitarios, las actas de calificación final serán concentradas en la Coordinación de Control Escolar, a más tardar 3 días hábiles posteriores a la fecha establecida como fin del periodo de clases determinado en el calendario escolar, aprobado por el H. Consejo General Universitario, para los procesos administrativos correspondientes y su publicación inmediata. En las Escuelas del Sistema de Educación Media Superior, las actas de calificación final serán concentradas por el Secretario de la Escuela para su publicación inmediata, informando a la Dirección de Trámite y Control Escolar.\r\n","metadata":{"loc":{"lines":{"from":154,"to":157}}}}],["52",{"pageContent":"}\r\n¿Qué establece el Artículo 23?\r\nLa evaluación en periodo extraordinario tiene por objeto proporcionar a los alumnos la oportunidad de acreditar una materia que por cualquier circunstancia, no haya logrado el registro de una calificación aprobatoria durante el periodo de la evaluación continua. Se exceptúan de este caso las materias de orden práctico que requerirán la repetición del curso. La evaluación en periodo extraordinario no será aplicable para los estudios de posgrado. En los planes de estudio que se impartan en las modalidades no convencionales, la evaluación en periodo extraordinario se aplicará de conformidad con lo establecido en el dictamen correspondiente.\r\n","metadata":{"loc":{"lines":{"from":157,"to":160}}}}],["53",{"pageContent":"}\r\n¿Qué establece el Artículo 24?\r\nLa evaluación en periodo extraordinario deberá versar sobre el contenido global de la materia, se realizará a través de los medios o instrumentos diseñados, aplicados y calificados por el profesor de la materia, bajo la supervisión de la academia correspondiente.\r\n","metadata":{"loc":{"lines":{"from":160,"to":163}}}}],["54",{"pageContent":"}\r\n¿Qué establece el Artículo 25?\r\nLa evaluación en periodo extraordinario se calificará atendiendo a los siguientes criterios: I. La calificación obtenida en periodo extraordinario, tendrá una ponderación del 80% para la calificación final; II. La calificación obtenida por el alumno durante el periodo ordinario, tendrá una ponderación del 40% para la calificación en periodo extraordinario, y III. La calificación final para la evaluación en periodo extraordinario será la que resulte de la suma de los puntos obtenidos en las fracciones anteriores.\r\n","metadata":{"loc":{"lines":{"from":163,"to":166}}}}],["55",{"pageContent":"}\r\n¿Qué establece el Artículo 26?\r\nUna vez realizada la evaluación en periodo extraordinario, el profesor de la materia deberá calificar conforme a lo señalado en el artículo 25 del presente reglamento y asentar el resultado final en las actas correspondientes.\r\n","metadata":{"loc":{"lines":{"from":166,"to":169}}}}],["56",{"pageContent":"}\r\n¿Qué establece el Artículo 27?\r\nPara que el alumno tenga derecho al registro de la calificación en el periodo extraordinario, se requiere: I. Estar inscrito en el plan de estudios y curso correspondiente. II. Haber pagado el arancel y presentar el comprobante correspondiente. III. Tener un mínimo de asistencia del 65% a clases y actividades registradas durante el curso.\r\n","metadata":{"loc":{"lines":{"from":169,"to":172}}}}],["57",{"pageContent":"}\r\n¿Qué establece el Artículo 28?\r\nPara la entrega y publicación de calificaciones de la evaluación en periodo extraordinario, se deberá observar lo establecido en el artículo 22 de este ordenamiento, a más tardar tres días hábiles posteriores a la fecha contemplada como conclusión del periodo extraordinario de evaluación, establecida en el calendario escolar. Los Centros Universitarios y el Sistema de Educación Media Superior deberán remitir a la Coordinación General de Control Escolar, la calificación obtenida en el periodo ordinario y en el extraordinario de los alumnos inscritos, a más tardar en 1 Este artículo se modificó con Dictamen No. IV/2017/153 aprobado por el Consejo General Universitario en sesión extraordinaria del 18 de septiembre de 2017. los seis días hábiles posteriores a la fecha establecida como fin del periodo extraordinario de evaluación fijado en el calendario escolar, aprobado por el H. Consejo General Universitario.\r\n","metadata":{"loc":{"lines":{"from":172,"to":175}}}}],["58",{"pageContent":"}\r\n¿Qué establece el Artículo 29?\r\nLas fechas para la aplicación de las evaluaciones en periodo extraordinario, serán establecidas en el calendario escolar que en su oportunidad apruebe el H. Consejo General Universitario, excepto en las modalidades abierta y a distancia que estarán a lo dispuesto en el dictamen de aprobación del plan de estudios correspondiente. El calendario escolar establecerá dos periodos extraordinarios de evaluación, uno a la mitad del ciclo escolar y otro al final. En el primer periodo sólo se aplicará para las materias que concluyan dentro de los primeros tres meses del ciclo escolar.\r\n","metadata":{"loc":{"lines":{"from":175,"to":178}}}}],["59",{"pageContent":"}\r\n¿Qué establece el Artículo 30?\r\nEl examen de recuperación es la opción que se brinda a los estudiantes de posgrado, a petición expresa del interesado ante el Coordinador del Posgrado, cuando por alguna circunstancia no hayan aprobado satisfactoriamente la evaluación aplicada durante el desarrollo de la materia.\r\n","metadata":{"loc":{"lines":{"from":178,"to":181}}}}],["60",{"pageContent":"}\r\n¿Qué establece el Artículo 31?\r\nPara tener derecho a presentar el examen de recuperación, se requiere: I. Estar inscrito en el plan de estudios correspondiente; II. Contar con la autorización del órgano colegiado correspondiente, y III. Haber pagado el arancel y presentar el cupón correspondiente.\r\n","metadata":{"loc":{"lines":{"from":181,"to":184}}}}],["61",{"pageContent":"}\r\n¿Qué establece el Artículo 32?\r\nEl órgano colegiado correspondiente deberá: I. Valorar la solicitud del interesado, tomando en consideración las causas por las cuales no aprobó la evaluación; II. En su caso, fijar la fecha de aplicación del examen; III. Diseñar el examen, y IV. Designar a los tres profesores que lo aplicarán. Se tendrá derecho a presentar este examen de recuperación por una sola ocasión. En caso de que el alumno no logre acreditar la materia en el examen de recuperación, será dado de baja en forma automática.\r\n","metadata":{"loc":{"lines":{"from":184,"to":187}}}}],["62",{"pageContent":"}\r\n¿Qué establece el Artículo 37?\r\nSon exámenes de acreditación de competencias, aquellos que se realizan a solicitud del alumno cuando considere que por razones de experiencia laboral o de estudios previos ha logrado una formación en ese campo y está en condiciones de demostrar los conocimientos necesarios para acreditar una materia.\r\n","metadata":{"loc":{"lines":{"from":187,"to":190}}}}],["63",{"pageContent":"}\r\n¿Qué establece el Artículo 38?\r\nPara tener derecho a presentar examen de acreditación de competencias, el alumno deberá contar con los siguientes requisitos: I. Estar inscrito en el plan de estudios correspondiente; II. Haber realizado la solicitud en los términos establecidos en el manual de procedimientos y en los plazos que para tal efecto se establezcan en el calendario escolar, aprobado por el H. Consejo General Universitario; III. Pagar el arancel correspondiente, y IV. Aquellos que determine el Consejo Universitario del Centro o de Educación Media Superior.\r\n","metadata":{"loc":{"lines":{"from":190,"to":193}}}}],["64",{"pageContent":"}\r\n¿Qué establece el Artículo 39?\r\nEl Colegio Departamental determinará los criterios que serán utilizados en el examen a propuesta de la Academia correspondiente y designará tres sinodales para su aplicación. El examen de acreditación de competencias, versará sobre el contenido total del programa de la materia correspondiente, mismo que se le proporcionará al alumno oportunamente por el Jefe de Departamento respectivo.\r\n","metadata":{"loc":{"lines":{"from":193,"to":196}}}}],["65",{"pageContent":"}\r\n¿Qué establece el Artículo 40?\r\nLos sinodales deberán levantar el acta correspondiente sobre el resultado de examen, donde conste la calificación obtenida y los créditos correspondientes, mismos que serán registrados en la historia académica del alumno.\r\n","metadata":{"loc":{"lines":{"from":196,"to":199}}}}],["66",{"pageContent":"}\r\n¿Qué establece el Artículo 41?\r\nEl examen de acreditación de competencias se podrá presentar una sola vez por materia. El examen de acreditación de competencias se realizará de manera previa a la inscripción regular en la materia.\r\n","metadata":{"loc":{"lines":{"from":199,"to":202}}}}],["67",{"pageContent":"}\r\n¿Qué establece el Artículo 42?\r\nEn caso de no presentarse al examen o no obtener calificación aprobatoria, el alumno deberá inscribirse en el curso regular.\r\n","metadata":{"loc":{"lines":{"from":202,"to":205}}}}],["68",{"pageContent":"}\r\n¿Qué establece el Artículo 43?\r\nEl examen de acreditación de competencias no podrá ser solicitado para sustituir los exámenes de evaluación ordinaria y extraordinaria.\r\n","metadata":{"loc":{"lines":{"from":205,"to":208}}}}],["69",{"pageContent":"}\r\n¿Qué establece el Artículo 44?\r\nLos exámenes de esta categoría se sustentarán en las fechas que para tal efecto establezca el Colegio Departamental al que corresponda la materia, dentro del periodo establecido por el calendario escolar. Las calificaciones deberán remitirse a las instancias correspondientes, de conformidad con lo establecido en el manual de procedimientos.\r\n","metadata":{"loc":{"lines":{"from":208,"to":211}}}}],["70",{"pageContent":"}\r\n¿Qué establece el Artículo 45?\r\nEl Presidente de Academia, previo al inicio del curso, informará a los profesores sobre los criterios de evaluación que hayan sido aprobados por el Colegio Departamental.\r\n","metadata":{"loc":{"lines":{"from":211,"to":214}}}}],["71",{"pageContent":"}\r\n¿Qué establece el Artículo 46?\r\nEl profesor de la materia al inicio del curso deberá dar a conocer a los alumnos los criterios de evaluación de la materia correspondiente.\r\n","metadata":{"loc":{"lines":{"from":214,"to":217}}}}],["72",{"pageContent":"}\r\n¿Qué establece el Artículo 47?\r\nEl profesor deberá cumplir con el programa de la materia en los plazos establecidos en el calendario oficial de la Universidad de Guadalajara.\r\n","metadata":{"loc":{"lines":{"from":217,"to":220}}}}],["73",{"pageContent":"}\r\n¿Qué establece el Artículo 48?\r\nEl Jefe de Departamento determinará, de acuerdo con los profesores de las materias en las que no se haya cubierto como mínimo el 80% de los contenidos del programa, la forma en que deberán recuperarse así como la fecha de realización de la evaluación en el periodo ordinario dentro de las fechas establecidas en el calendario escolar.\r\n","metadata":{"loc":{"lines":{"from":220,"to":223}}}}],["74",{"pageContent":"}\r\n¿Qué establece el Artículo 49?\r\nEl alumno podrá solicitar por escrito y de manera justificada, la revisión del resultado de su evaluación o de un examen al Jefe del Departamento que tenga a su cargo la materia de que se trata, o al Director de Escuela en el nivel medio superior, cuando considere que se ha cometido un error en su calificación. Dicha revisión deberá solicitarla dentro de los tres días hábiles siguientes a la fecha en que se hayan publicado o notificado los resultados de la evaluación o examen.\r\n","metadata":{"loc":{"lines":{"from":223,"to":226}}}}],["75",{"pageContent":"}\r\n¿Qué establece el Artículo 50?\r\nEl Jefe del Departamento en los Centros Universitarios y el Director de la Escuela en el Sistema de Educación Media Superior, solicitará al profesor responsable de la materia de que se trate que en un plazo de dos días hábiles, le remita los resultados de la evaluación o examen correspondiente, así como los criterios utilizados para calificar.\r\n","metadata":{"loc":{"lines":{"from":226,"to":229}}}}],["76",{"pageContent":"}\r\n¿Qué establece el Artículo 51?\r\nEl Jefe del Departamento en el nivel superior, designará a tres profesores de la Academia respectiva o de una afín a ésta, para que revisen el expediente correspondiente, quienes en un plazo no mayor de dos días resolverán lo que proceda; resolución que será definitiva e inapelable y será turnada debidamente firmada por los académicos al Jefe del Departamento y a la Coordinación de Carrera. En el nivel medio superior, será el Coordinador Académico quien designe a los tres profesores de la Academia respectiva o de una afín a ésta y la resolución será remitida al Secretario de Escuela.\r\n","metadata":{"loc":{"lines":{"from":229,"to":232}}}}],["77",{"pageContent":"}\r\n¿Qué establece el Artículo 52?\r\nEl Jefe del Departamento en los Centros Universitarios y el Secretario de Escuela en el Sistema de Educación Media Superior, deberá notificar al alumno del resultado de la revisión de su evaluación o examen en un plazo no mayor de dos días hábiles posteriores a la fecha de la resolución.\r\n","metadata":{"loc":{"lines":{"from":232,"to":235}}}}],["78",{"pageContent":"}\r\n¿Qué establece el Artículo 53?\r\nLos alumnos podrán justificar su falta de asistencia a clases por alguna de las siguientes causas: I. Por enfermedad; II. Por el cumplimiento de una comisión conferida por autoridad universitaria, con conocimiento del Coordinador de Carrera, en los Centros Universitarios y en el caso del Sistema de Educación Media Superior el Director de Escuela, siempre que los trabajos realizados en ella tengan estrecha relación con los estudios universitarios, y III. Por causa de fuerza mayor justificada que impida al alumno asistir, a juicio del Coordinador de Carrera en los Centros Universitarios y del Director de Escuela en el Sistema de Educación Media Superior. El máximo de faltas de asistencia a clases que se pueden justificar a un alumno no excederá del 20% del total de horas establecidas en el programa de la materia, excepto lo establecido en el último párrafo del artículo 54 de este ordenamiento.\r\n","metadata":{"loc":{"lines":{"from":235,"to":238}}}}],["79",{"pageContent":"}\r\n¿Qué establece el Artículo 54?\r\nEl alumno deberá justificar las faltas de asistencia con el documento idóneo, al Coordinador de Carrera en los Centros Universitarios y al Director de Escuela en el Sistema de Educación Media Superior, dentro de los cinco días hábiles siguientes a la fecha en que haya podido reanudar sus estudios. Si el Coordinador de Carrera o el Director de Escuela considera justificadas las faltas, se deberá hacer del conocimiento de los profesores de las materias que están cursando los alumnos, para que realicen la anotación correspondiente. En forma excepcional el Director de la Escuela en el Sistema de Educación Media Superior o el Coordinador de Carrera en los Centros Universitarios, podrán justificar un porcentaje máximo del 35% del total de las horas, establecidas en el programa de la materia, siempre y cuando se hayan realizado por alguna causa grave justificada.\r\n","metadata":{"loc":{"lines":{"from":238,"to":241}}}}],["80",{"pageContent":"}\r\n¿Qué establece el Artículo 55?\r\nCuando la inasistencia del alumno debidamente justificada en los términos del artículo anterior, se haya realizado el día de aplicación o calificación de un medio de evaluación, el profesor de la materia y el alumno acordarán la fecha y hora para llevarlo a cabo.\r\n","metadata":{"loc":{"lines":{"from":241,"to":244}}}}],["81",{"pageContent":"}\r\n¿Qué establece el Artículo 56?\r\nLas instituciones con estudios incorporados por la Universidad de Guadalajara para la evaluación de sus alumnos, deberán sujetarse en lo conducente a lo establecido en el presente ordenamiento. Los exámenes de acreditación de competencias no son aplicables a los alumnos de las instituciones con estudios incorporados por la Universidad de Guadalajara a que se refiere el capítulo VIII de este ordenamiento.\r\n","metadata":{"loc":{"lines":{"from":244,"to":247}}}}],["82",{"pageContent":"}\r\n¿Qué establece el Artículo 57?\r\nLos Centros Universitarios y el Sistema de Educación Media Superior, a través de la Secretaría Académica, deberán establecer las normas técnico-pedagógicas para la elaboración y diseño de las evaluaciones y exámenes que se realicen en las instituciones con estudios incorporados a la Universidad de Guadalajara.\r\n","metadata":{"loc":{"lines":{"from":247,"to":250}}}}],["83",{"pageContent":"}\r\n¿Qué establece el Artículo 58?\r\nLa Universidad de Guadalajara podrá comisionar a un inspector para que asista a las evaluaciones o exámenes que se realicen en las instituciones con estudios incorporados. Su intervención versará sobre la identidad del sustentante, la calidad de la evaluación o examen, la presencia de los profesores designados y demás elementos académicos previamente autorizados. La institución con estudios incorporados a la Universidad de Guadalajara enviará al inicio de cada ciclo escolar la lista de los profesores que impartirán las materias del plan de estudios correspondiente a la Secretaría Académica del Centro Universitario respectivo o a la Jefatura de Enseñanza Incorporada del Sistema de Educación Media Superior.\r\n","metadata":{"loc":{"lines":{"from":250,"to":253}}}}],["84",{"pageContent":"}\r\n¿Qué establece el Artículo 59?\r\nLas instituciones con estudios incorporados deberán remitir a la Coordinación de Control Escolar del Centro Universitario respectivo o a la Dirección de Trámite y Control Escolar del Sistema de Educación Media Superior las actas de calificaciones, en los plazos establecidos en los artículos 22 y 28 del presente ordenamiento.\r\n","metadata":{"loc":{"lines":{"from":253,"to":256}}}}],["85",{"pageContent":"}\r\n¿Qué establece el Artículo 60?\r\nLa Coordinación General Académica emitirá un documento indicativo sobre evaluación en los términos de este reglamento, el que será actualizado sistemáticamente. Los Colegios Departamentales y las Academias deberán apoyarse en el documento al que se hace referencia en el párrafo anterior, para efecto de determinar los criterios de evaluación, mencionados en los artículos 10 y 11 del presente reglamento.\r\n","metadata":{"loc":{"lines":{"from":256,"to":259}}}}],["86",{"pageContent":"}\r\n¿Qué establece el Artículo 61? \r\nEl Rector General podrá autorizar que el pago a que se refiere la fracción II del artículo 27, se haga posterior a la presentación del examen, notificando su acuerdo a través de la Gaceta Universitaria. La calificación obtenida en el examen estará condicionada al pago del arancel y a presentar el comprobante en la instancia correspondiente, en los plazos que para tal efecto se determinen en el acuerdo antes señalado. La falta de pago o presentación del comprobante en los plazos establecidos traerá como consecuencia la nulidad de la calificación.\r\n","metadata":{"loc":{"lines":{"from":259,"to":262}}}}],["87",{"pageContent":"}","metadata":{"loc":{"lines":{"from":262,"to":262}}}}]]